Code,Name,Category,Region
af,Afghanistan,Countries,South Asia
al,Albania,Countries,Europe
ag,Algeria,Countries,Africa
an,Andorra,Countries,Europe
ao,Angola,Countries,Africa
ac,Antigua and Barbuda,Countries,Central America and Caribbean
ar,Argentina,Countries,South America
am,Armenia,Countries,Middle East
as,Australia,Countries,Australia-Oceania
au,Austria,Countries,Europe
aj,Azerbaijan,Countries,Middle East
bf,The Bahamas,Countries,Central America and Caribbean
ba,Bahrain,Countries,Middle East
bg,Bangladesh,Countries,South Asia
bb,Barbados,Countries,Central America and Caribbean
bo,Belarus,Countries,Europe
be,Belgium,Countries,Europe
bh,Belize,Countries,Central America and Caribbean
bn,Benin,Countries,Africa
bt,Bhutan,Countries,South Asia
bl,Bolivia,Countries,South America
bk,Bosnia and Herzegovina,Countries,Europe
bc,Botswana,Countries,Africa
br,Brazil,Countries,South America
bx,Brunei,Countries,East & Southeast Asia
bu,Bulgaria,Countries,Europe
uv,Burkina Faso,Countries,Africa
bm,Burma,Countries,East & Southeast Asia
by,Burundi,Countries,Africa
cb,Cambodia,Countries,East & Southeast Asia
cm,Cameroon,Countries,Africa
ca,Canada,Countries,North America
cv,Cabo Verde,Countries,Africa
ct,Central African Republic,Countries,Africa
cd,Chad,Countries,Africa
ci,Chile,Countries,South America
ch,China,Countries,East & Southeast Asia
co,Colombia,Countries,South America
cn,Comoros,Countries,Africa
cg,Congo DR,Countries,Africa
cf,Congo,Countries,Africa
cs,Costa Rica,Countries,Central America and Caribbean
iv,Cote d'Ivoire,Countries,Africa
hr,Croatia,Countries,Europe
cu,Cuba,Countries,Central America and Caribbean
cy,Cyprus,Countries,Europe
ez,Czech Republic,Countries,Europe
da,Denmark,Countries,Europe
dj,Djibouti,Countries,Africa
do,Dominica,Countries,Central America and Caribbean
dr,Dominican Republic,Countries,Central America and Caribbean
ec,Ecuador,Countries,South America
eg,Egypt,Countries,Africa
es,El Salvador,Countries,Central America and Caribbean
ek,Equatorial Guinea,Countries,Africa
er,Eritrea,Countries,Africa
en,Estonia,Countries,Europe
et,Ethiopia,Countries,Africa
fj,Fiji,Countries,Australia-Oceania
fi,Finland,Countries,Europe
fr,France,Countries,Europe
gb,Gabon,Countries,Africa
ga,The Gambia,Countries,Africa
gg,Georgia,Countries,Middle East
gm,Germany,Countries,Europe
gh,Ghana,Countries,Africa
gr,Greece,Countries,Europe
gj,Grenada,Countries,Central America and Caribbean
gt,Guatemala,Countries,Central America and Caribbean
gv,Guinea,Countries,Africa
pu,Guinea-Bissau,Countries,Africa
gy,Guyana,Countries,South America
ha,Haiti,Countries,Central America and Caribbean
ho,Honduras,Countries,Central America and Caribbean
hu,Hungary,Countries,Europe
ic,Iceland,Countries,Europe
in,India,Countries,South Asia
id,Indonesia,Countries,East & Southeast Asia
ir,Iran,Countries,Middle East
iz,Iraq,Countries,Middle East
ei,Ireland,Countries,Europe
is,Israel,Countries,Middle East
it,Italy,Countries,Europe
jm,Jamaica,Countries,Central America and Caribbean
ja,Japan,Countries,East & Southeast Asia
jo,Jordan,Countries,Middle East
kz,Kazakhstan,Countries,Central Asia
ke,Kenya,Countries,Africa
kr,Kiribati,Countries,Australia-Oceania
kn,North Korea,Countries,East & Southeast Asia
ks,South Korea,Countries,East & Southeast Asia
kv,Kosovo,Countries,Europe
ku,Kuwait,Countries,Middle East
kg,Kyrgyzstan,Countries,Central Asia
la,Laos,Countries,East & Southeast Asia
lg,Latvia,Countries,Europe
le,Lebanon,Countries,Middle East
lt,Lesotho,Countries,Africa
li,Liberia,Countries,Africa
ly,Libya,Countries,Africa
ls,Liechtenstein,Countries,Europe
lh,Lithuania,Countries,Europe
lu,Luxembourg,Countries,Europe
mk,Macedonia,Countries,Europe
ma,Madagascar,Countries,Africa
mi,Malawi,Countries,Africa
my,Malaysia,Countries,East & Southeast Asia
mv,Maldives,Countries,South Asia
ml,Mali,Countries,Africa
mt,Malta,Countries,Europe
rm,Marshall Islands,Countries,Australia-Oceania
mr,Mauritania,Countries,Africa
mp,Mauritius,Countries,Africa
mx,Mexico,Countries,North America
fm,Micronesia,Countries,Australia-Oceania
md,Moldova,Countries,Europe
mn,Monaco,Countries,Europe
mg,Mongolia,Countries,East & Southeast Asia
mj,Montenegro,Countries,Europe
mo,Morocco,Countries,Africa
mz,Mozambique,Countries,Africa
wa,Namibia,Countries,Africa
nr,Nauru,Countries,Australia-Oceania
np,Nepal,Countries,South Asia
nl,Netherlands,Countries,Europe
nz,New Zealand,Countries,Australia-Oceania
nu,Nicaragua,Countries,Central America and Caribbean
ng,Niger,Countries,Africa
ni,Nigeria,Countries,Africa
no,Norway,Countries,Europe
mu,Oman,Countries,Middle East
pk,Pakistan,Countries,South Asia
ps,Palau,Countries,Australia-Oceania
pm,Panama,Countries,Central America and Caribbean
pp,Papua New Guinea,Countries,East & Southeast Asia
pa,Paraguay,Countries,South America
pe,Peru,Countries,South America
rp,Philippines,Countries,East & Southeast Asia
pl,Poland,Countries,Europe
po,Portugal,Countries,Europe
qa,Qatar,Countries,Middle East
ro,Romania,Countries,Europe
rs,Russia,Countries,Central Asia
rw,Rwanda,Countries,Africa
sc,Saint Kitts and Nevis,Countries,Central America and Caribbean
st,Saint Lucia,Countries,Central America and Caribbean
vc,Saint Vincent and the Grenadines,Countries,Central America and Caribbean
ws,Samoa,Countries,Australia-Oceania
sm,San Marino,Countries,Europe
tp,Sao Tome and Principe,Countries,Africa
sa,Saudi Arabia,Countries,Middle East
sg,Senegal,Countries,Africa
ri,Serbia,Countries,Europe
se,Seychelles,Countries,Africa
sl,Sierra Leone,Countries,Africa
sn,Singapore,Countries,East & Southeast Asia
lo,Slovakia,Countries,Europe
si,Slovenia,Countries,Europe
bp,Solomon Islands,Countries,Australia-Oceania
so,Somalia,Countries,Africa
sf,South Africa,Countries,Africa
od,South Sudan,Countries,Africa
sp,Spain,Countries,Europe
ce,Sri Lanka,Countries,South Asia
su,Sudan,Countries,Africa
ns,Suriname,Countries,South America
wz,Swaziland,Countries,Africa
sw,Sweden,Countries,Europe
sz,Switzerland,Countries,Europe
sy,Syria,Countries,Middle East
ti,Tajikistan,Countries,Central Asia
tz,Tanzania,Countries,Africa
th,Thailand,Countries,East & Southeast Asia
tt,Timor-Leste,Countries,East & Southeast Asia
to,Togo,Countries,Africa
tn,Tonga,Countries,Australia-Oceania
td,Trinidad and Tobago,Countries,Central America and Caribbean
ts,Tunisia,Countries,Africa
tu,Turkey,Countries,Middle East
tx,Turkmenistan,Countries,Central Asia
tv,Tuvalu,Countries,Australia-Oceania
ug,Uganda,Countries,Africa
up,Ukraine,Countries,Europe
ae,United Arab Emirates,Countries,Middle East
uk,United Kingdom,Countries,Europe
us,United States,Countries,North America
uy,Uruguay,Countries,South America
uz,Uzbekistan,Countries,Central Asia
nh,Vanuatu,Countries,Australia-Oceania
vt,Vatican City (Holy See),Countries,Europe
ve,Venezuela,Countries,South America
vm,Vietnam,Countries,East & Southeast Asia
ym,Yemen,Countries,Middle East
za,Zambia,Countries,Africa
zi,Zimbabwe,Countries,Africa
tw,Taiwan,Other,East & Southeast Asia
ee,European Union,Other,Europe
at,Ashmore and Cartier Islands,Dependencies (Australia),Australia-Oceania
kt,Christmas Island,Dependencies (Australia),Australia-Oceania
ck,Cocos (Keeling) Islands,Dependencies (Australia),Australia-Oceania
cr,Coral Sea Islands,Dependencies (Australia),Australia-Oceania
hm,Heard Island and McDonald Islands,Dependencies (Australia),Antarctica
nf,Norfolk Island,Dependencies (Australia),Australia-Oceania
hk,Hong Kong,Dependencies (China),East & Southeast Asia
mc,Macau,Dependencies (China),East & Southeast Asia
fo,Faroe Islands,Dependencies (Denmark),Europe
gl,Greenland,Dependencies (Denmark),North America
ip,Clipperton Island,Dependencies (France),North America
fp,French Polynesia,Dependencies (France),Australia-Oceania
fs,French Southern and Antarctic Lands,Dependencies (France),Antarctica
nc,New Caledonia,Dependencies (France),Australia-Oceania
tb,Saint Barthelemy,Dependencies (France),Central America and Caribbean
rn,Saint Martin,Dependencies (France),Central America and Caribbean
sb,Saint Pierre and Miquelon,Dependencies (France),North America
wf,Wallis and Futuna,Dependencies (France),Australia-Oceania
aa,Aruba,Dependencies (Netherlands),Central America and Caribbean
cc,Curacao,Dependencies (Netherlands),Central America and Caribbean
sk,Sint Maarten,Dependencies (Netherlands),Central America and Caribbean
cw,Cook Islands,Dependencies (New Zealand),Australia-Oceania
ne,Niue,Dependencies (New Zealand),Australia-Oceania
tl,Tokelau,Dependencies (New Zealand),Australia-Oceania
bv,Bouvet Island,Dependencies (Norway),Antarctica
jn,Jan Mayen,Dependencies (Norway),Europe
sv,Svalbard,Dependencies (Norway),Europe
ax,Akrotiri (Sovereign Base),Dependencies (Great Britain),Europe
av,Anguilla,Dependencies (Great Britain),Central America and Caribbean
bd,Bermuda,Dependencies (Great Britain),North America
io,British Indian Ocean Territory,Dependencies (Great Britain),South Asia
vi,British Virgin Islands,Dependencies (Great Britain),Central America and Caribbean
cj,Cayman Islands,Dependencies (Great Britain),Central America and Caribbean
dx,Dhekelia (Sovereign Base),Dependencies (Great Britain),Europe
fk,Falkland Islands,Dependencies (Great Britain),South America
gi,Gibraltar,Dependencies (Great Britain),Europe
gk,Guernsey,Dependencies (Great Britain),Europe
je,Jersey,Dependencies (Great Britain),Europe
im,Isle of Man,Dependencies (Great Britain),Europe
mh,Montserrat,Dependencies (Great Britain),Central America and Caribbean
pc,Pitcairn Islands,Dependencies (Great Britain),Australia-Oceania
sh,Saint Helena,Dependencies (Great Britain),Africa
sx,South Georgia and the South Sandwich Islands,Dependencies (Great Britain),South America
tk,Turks and Caicos Islands,Dependencies (Great Britain),Central America and Caribbean
aq,American Samoa,Dependencies (United States),Australia-Oceania
gq,Guam,Dependencies (United States),Australia-Oceania
bq,Navassa Island,Dependencies (United States),Central America and Caribbean
cq,Northern Mariana Islands,Dependencies (United States),Australia-Oceania
rq,Puerto Rico,Dependencies (United States),Central America and Caribbean
vq,US Virgin Islands,Dependencies (United States),Central America and Caribbean
wq,Wake Island,Dependencies (United States),Australia-Oceania
um,US Pacific Island Wildlife Refuges,Dependencies (United States),Australia-Oceania
ay,Antarctica,Miscellaneous,Antarctica
gz,Gaza Strip,Miscellaneous,Middle East
pf,Paracel Islands,Miscellaneous,East & Southeast Asia
pg,Spratly Islands,Miscellaneous,East & Southeast Asia
we,West Bank,Miscellaneous,Middle East
wi,Western Sahara,Miscellaneous,Africa
xq,Arctic Ocean,Oceans,Oceans
zh,Atlantic Ocean,Oceans,Oceans
xo,Indian Ocean,Oceans,Oceans
zn,Pacific Ocean,Oceans,Oceans
oo,Southern Ocean,Oceans,Oceans
xx,World,World,World
